{
    "VariableV2%dtype%1%shape%[512]": {
        "avg": 16.984701,
        "std_err": 0.256724
    },
    "VariableV2%dtype%1%shape%[3,3,512,512]": {
        "avg": 17.361641,
        "std_err": 1.078084
    },
    "VariableV2%dtype%1%shape%[3,3,256,512]": {
        "avg": 17.00449,
        "std_err": 0.27216
    },
    "VariableV2%dtype%1%shape%[256]": {
        "avg": 17.10248,
        "std_err": 0.204635
    },
    "VariableV2%dtype%1%shape%[3,3,256,256]": {
        "avg": 17.444611,
        "std_err": 0.489305
    },
    "VariableV2%dtype%1%shape%[3,3,128,256]": {
        "avg": 16.960621,
        "std_err": 0.240982
    },
    "VariableV2%dtype%1%shape%[128]": {
        "avg": 17.029762,
        "std_err": 0.253092
    },
    "VariableV2%dtype%1%shape%[3,3,128,128]": {
        "avg": 17.014265,
        "std_err": 0.372725
    },
    "VariableV2%dtype%1%shape%[3,3,64,128]": {
        "avg": 16.987324,
        "std_err": 0.421191
    },
    "VariableV2%dtype%1%shape%[64]": {
        "avg": 16.946528,
        "std_err": 0.391751
    },
    "VariableV2%dtype%1%shape%[3,3,64,64]": {
        "avg": 16.930819,
        "std_err": 0.306
    },
    "VariableV2%dtype%1%shape%[3,3,3,64]": {
        "avg": 17.945237,
        "std_err": 1.629138
    },
    "Const%dtype%1%value%[1,[64,3,224,224]]": {
        "avg": 16.433239,
        "std_err": 0.522394
    },
    "Const%dtype%3%value%[3,[4]]": {
        "avg": 16.65616,
        "std_err": 0.57907
    },
    "Const%dtype%9%value%[9,[64]]": {
        "avg": 16.361475,
        "std_err": 0.326669
    },
    "VariableV2%dtype%1%shape%[1000]": {
        "avg": 17.055988,
        "std_err": 0.320523
    },
    "VariableV2%dtype%1%shape%[4096,1000]": {
        "avg": 17.009735,
        "std_err": 0.219195
    },
    "VariableV2%dtype%1%shape%[4096]": {
        "avg": 16.947031,
        "std_err": 0.169932
    },
    "VariableV2%dtype%1%shape%[4096,4096]": {
        "avg": 16.91246,
        "std_err": 0.410258
    },
    "VariableV2%dtype%1%shape%[25088,4096]": {
        "avg": 21.036933,
        "std_err": 1.032754
    },
    "Const%dtype%3%value%[3,[2]]": {
        "avg": 16.232491,
        "std_err": 0.226967
    },
    "Const%dtype%1%value%[1,[64,1]]": {
        "avg": 16.214371,
        "std_err": 0.259236
    },
    "Const%dtype%1%value%[1,[]]": {
        "avg": 16.644478,
        "std_err": 0.679525
    },
    "Identity%input%[512]%T%1": {
        "avg": 10.0,
        "std_err": 0.0
    },
    "Identity%input%[3,3,512,512]%T%1": {
        "avg": 10.0,
        "std_err": 0.0
    },
    "Identity%input%[3,3,256,512]%T%1": {
        "avg": 10.0,
        "std_err": 0.0
    },
    "Identity%input%[256]%T%1": {
        "avg": 10.0,
        "std_err": 0.0
    },
    "Identity%input%[3,3,256,256]%T%1": {
        "avg": 10.0,
        "std_err": 0.0
    },
    "Identity%input%[3,3,128,256]%T%1": {
        "avg": 10.0,
        "std_err": 0.0
    },
    "Identity%input%[128]%T%1": {
        "avg": 10.0,
        "std_err": 0.0
    },
    "Identity%input%[3,3,128,128]%T%1": {
        "avg": 10.0,
        "std_err": 0.0
    },
    "Identity%input%[3,3,64,128]%T%1": {
        "avg": 10.0,
        "std_err": 0.0
    },
    "Identity%input%[64]%T%1": {
        "avg": 10.0,
        "std_err": 0.0
    },
    "Identity%input%[3,3,64,64]%T%1": {
        "avg": 10.0,
        "std_err": 0.0
    },
    "Identity%input%[3,3,3,64]%T%1": {
        "avg": 10.0,
        "std_err": 0.0
    },
    "Identity%input%[1000]%T%1": {
        "avg": 10.0,
        "std_err": 0.0
    },
    "Identity%input%[4096,1000]%T%1": {
        "avg": 10.0,
        "std_err": 0.0
    },
    "Identity%input%[4096]%T%1": {
        "avg": 10.0,
        "std_err": 0.0
    },
    "Identity%input%[4096,4096]%T%1": {
        "avg": 10.0,
        "std_err": 0.0
    },
    "Identity%input%[25088,4096]%T%1": {
        "avg": 10.0,
        "std_err": 0.0
    },
    "Conv2D%input%[64,3,224,224]%input%[3,3,3,64]%T%1%dilations%[1,1,1,1]%strides%[1,1,1,1]%use_cudnn_on_gpu%1": {
        "avg": 1371.030807,
        "std_err": 3.070879
    },
    "BiasAdd%input%[64,64,224,224]%input%[64]%T%1": {
        "avg": 2770.109177,
        "std_err": 76.374086
    },
    "Relu%input%[64,64,224,224]%T%1": {
        "avg": 2206.115723,
        "std_err": 3.743768
    },
    "Conv2D%input%[64,64,224,224]%input%[3,3,64,64]%T%1%dilations%[1,1,1,1]%strides%[1,1,1,1]%use_cudnn_on_gpu%1": {
        "avg": 10961.965322,
        "std_err": 27.638983
    },
    "MaxPool%input%[64,64,224,224]%T%1%ksize%[1,1,2,2]%strides%[1,1,2,2]": {
        "avg": 1307.400886,
        "std_err": 1.993301
    },
    "Conv2D%input%[64,64,112,112]%input%[3,3,64,128]%T%1%dilations%[1,1,1,1]%strides%[1,1,1,1]%use_cudnn_on_gpu%1": {
        "avg": 5229.266952,
        "std_err": 4.705252
    },
    "BiasAdd%input%[64,128,112,112]%input%[128]%T%1": {
        "avg": 1349.169366,
        "std_err": 2.463453
    },
    "Relu%input%[64,128,112,112]%T%1": {
        "avg": 1094.506769,
        "std_err": 4.572263
    },
    "Conv2D%input%[64,128,112,112]%input%[3,3,128,128]%T%1%dilations%[1,1,1,1]%strides%[1,1,1,1]%use_cudnn_on_gpu%1": {
        "avg": 8199.675644,
        "std_err": 2.51615
    },
    "MaxPool%input%[64,128,112,112]%T%1%ksize%[1,1,2,2]%strides%[1,1,2,2]": {
        "avg": 662.383795,
        "std_err": 0.517293
    },
    "Conv2D%input%[64,128,56,56]%input%[3,3,128,256]%T%1%dilations%[1,1,1,1]%strides%[1,1,1,1]%use_cudnn_on_gpu%1": {
        "avg": 3701.600608,
        "std_err": 1.021563
    },
    "BiasAdd%input%[64,256,56,56]%input%[256]%T%1": {
        "avg": 663.922464,
        "std_err": 1.134268
    },
    "Relu%input%[64,256,56,56]%T%1": {
        "avg": 541.637224,
        "std_err": 1.510329
    },
    "Conv2D%input%[64,256,56,56]%input%[3,3,256,256]%T%1%dilations%[1,1,1,1]%strides%[1,1,1,1]%use_cudnn_on_gpu%1": {
        "avg": 6490.563996,
        "std_err": 7.115115
    },
    "MaxPool%input%[64,256,56,56]%T%1%ksize%[1,1,2,2]%strides%[1,1,2,2]": {
        "avg": 344.562531,
        "std_err": 2.570777
    },
    "Conv2D%input%[64,256,28,28]%input%[3,3,256,512]%T%1%dilations%[1,1,1,1]%strides%[1,1,1,1]%use_cudnn_on_gpu%1": {
        "avg": 2987.895966,
        "std_err": 25.519955
    },
    "BiasAdd%input%[64,512,28,28]%input%[512]%T%1": {
        "avg": 340.792894,
        "std_err": 2.571202
    },
    "Relu%input%[64,512,28,28]%T%1": {
        "avg": 278.270245,
        "std_err": 0.74352
    },
    "Conv2D%input%[64,512,28,28]%input%[3,3,512,512]%T%1%dilations%[1,1,1,1]%strides%[1,1,1,1]%use_cudnn_on_gpu%1": {
        "avg": 5537.554264,
        "std_err": 0.63511
    },
    "MaxPool%input%[64,512,28,28]%T%1%ksize%[1,1,2,2]%strides%[1,1,2,2]": {
        "avg": 201.544285,
        "std_err": 0.967025
    },
    "Conv2D%input%[64,512,14,14]%input%[3,3,512,512]%T%1%dilations%[1,1,1,1]%strides%[1,1,1,1]%use_cudnn_on_gpu%1": {
        "avg": 1957.181215,
        "std_err": 1.174435
    },
    "BiasAdd%input%[64,512,14,14]%input%[512]%T%1": {
        "avg": 99.63274,
        "std_err": 1.23056
    },
    "Relu%input%[64,512,14,14]%T%1": {
        "avg": 83.302736,
        "std_err": 0.320846
    },
    "MaxPool%input%[64,512,14,14]%T%1%ksize%[1,1,2,2]%strides%[1,1,2,2]": {
        "avg": 68.356037,
        "std_err": 0.315955
    },
    "Transpose%input%[64,512,7,7]%input%[4]%T%1%Tperm%3": {
        "avg": 35.861969,
        "std_err": 0.486111
    },
    "Reshape%input%[64,7,7,512]%input%[2]%T%1%Tshape%3": {
        "avg": 17.625809,
        "std_err": 1.035465
    },
    "MatMul%input%[64,25088]%input%[25088,4096]%T%1%transpose_a%0%transpose_b%0": {
        "avg": 988.135815,
        "std_err": 0.644698
    },
    "BiasAdd%input%[64,4096]%input%[4096]%T%1": {
        "avg": 21.499157,
        "std_err": 0.395417
    },
    "Relu%input%[64,4096]%T%1": {
        "avg": 21.29364,
        "std_err": 0.41402
    },